satellite_id,prediction,maneuver_prob,no_maneuver_prob,maneuver_time_days,maneuver_time_hours,maneuver_time_minutes
0,no_maneuver,0.0330612,0.9669388,9.854991,236.51978,14191.187
1,no_maneuver,0.0330612,0.9669388,9.854991,236.51978,14191.187
2,no_maneuver,0.0330612,0.9669388,9.854991,236.51978,14191.187
3,no_maneuver,0.0330612,0.9669388,9.854991,236.51978,14191.187
4,no_maneuver,0.0330612,0.9669388,9.854991,236.51978,14191.187
5,no_maneuver,0.0330612,0.9669388,9.854991,236.51978,14191.187
6,no_maneuver,0.0330612,0.9669388,9.854991,236.51978,14191.187
7,no_maneuver,0.0330612,0.9669388,9.854991,236.51978,14191.187
8,no_maneuver,0.0330612,0.9669388,9.854991,236.51978,14191.187
