Time (UTC),Relative Time (s),Observer Longitude,Observer Latitude,Observer Altitude,Observer ECI X,Observer ECI Y,Observer ECI Z,Direction Vector X,Direction Vector Y,Direction Vector Z,Distance (km),Elevation (deg),Azimuth (deg),Satellite ECI X,Satellite ECI Y,Satellite ECI Z,Satellite Velocity X (km/s),Satellite Velocity Y (km/s),Satellite Velocity Z (km/s)
2024-04-19 04:16:00,960.0,109.494,34.445,0.557,4889.01455090521,1925.242653965756,3603.847395303668,0.8298669313854093,-0.3684665508069681,0.4189907840625858,39084.03546013577,24.770887855252443,113.94154593990652,13149.40698355489,40036.86734232522,990.0745816485976,-2.9200278904061823,0.96054256913509,-0.0979076768555277
2024-04-19 04:16:01,961.0,109.494,34.445,0.557,4888.874530380849,1925.598188045838,3603.847395303668,0.8298669245105194,-0.3684684399413927,0.4189891363396052,39084.044414335855,24.770783881108983,113.9416550668945,13146.486819031184,40037.82781178579,989.9766679290308,-2.9200978647983766,0.9603294872689394,-0.0979129458486163
2024-04-19 04:16:02,962.0,109.494,34.445,0.557,4888.73448400169,1925.9537119424,3603.847395303668,0.829866915877191,-0.368470330600582,0.4189874907435507,39084.05335595176,24.7706800412651,113.94176432666497,13143.56670202594,40038.788029526,989.8787528801048,-2.920167820839095,0.9601164088515116,-0.0979182141089614
2024-04-19 04:16:03,963.0,109.494,34.445,0.557,4888.594411768476,1926.3092256535567,3603.847395303668,0.8298669072282805,-0.3684722213669563,0.4189858450691019,39084.0622981013,24.770576196561247,113.94187359283325,13140.64651507281,40039.74803418639,989.780832563208,-2.9202377613434667,0.9599033253113892,-0.097923481848526
2024-04-19 04:16:04,964.0,109.494,34.445,0.557,4888.454313681945,1926.6647291774384,3603.847395303668,0.8298668985637866,-0.3684741122405051,0.4189841993162673,39084.07124078447,24.770472346997988,113.9419828653988,13137.726258187326,40040.70782576184,989.6829069788606,-2.920307686311117,0.959690236649707,-0.0979287490672822
2024-04-19 04:16:05,965.0,109.494,34.445,0.557,4888.314189742839,1927.0202225121557,3603.847395303668,0.8298668898837106,-0.3684760032212162,0.4189825534850531,39084.08018400119,24.77036849257571,113.94209214436086,13134.805931385024,40041.667404247215,989.5849761275834,-2.9203775957416718,0.9594771428675984,-0.0979340157652017
2024-04-19 04:16:06,966.0,109.494,34.445,0.557,4888.174039951897,1927.375705655836,3603.847395303668,0.829866881188052,-0.3684778943090792,0.4189809075754675,39084.089127751424,24.770264633294957,113.9422014297188,13131.885534681416,40042.62676963741,989.4870400098968,-2.920447489634758,0.9592640439661972,-0.0979392819422566
2024-04-19 04:16:07,967.0,109.494,34.445,0.557,4888.033864309862,1927.731178606596,3603.847395303668,0.8298668724768112,-0.3684797855040824,0.4189792615875173,39084.09807203513,24.770160769156156,113.94231072147193,13128.965068092042,40043.58592192731,989.389098626321,-2.9205173679900005,0.9590509399466376,-0.0979445475984186
2024-04-19 04:16:08,968.0,109.494,34.445,0.557,4887.893662817478,1928.086641362552,3603.847395303668,0.8298668637499879,-0.3684816768062147,0.4189776155212105,39084.10701685231,24.770056900159823,113.94242001961948,13126.044531632506,40044.544861111775,989.29115197738,-2.9205872308070244,0.958837830810058,-0.0979498127336596
2024-04-19 04:16:09,969.0,109.494,34.445,0.557,4887.753435475482,1928.442093921832,3603.847395303668,0.8298668567504236,-0.3684835667979311,0.418975967171205,39084.115975320885,24.769952887146104,113.94252919777928,13123.123807811116,40045.50362575418,989.1931961225528,-2.9206570808953334,0.9586247079831868,-0.0979550775597541
2024-04-19 04:16:10,970.0,109.494,34.445,0.557,4887.613182284616,1928.7975362825468,3603.847395303668,0.8298668479924343,-0.3684854583142913,0.4189743209482036,39084.12492120484,24.76984900843605,113.94263850871404,13120.203131654953,40046.46213870388,989.0952389442276,-2.9207269126341746,0.9584115886157584,-0.097960341653048
2024-04-19 04:16:11,971.0,109.494,34.445,0.557,4887.472903245624,1929.1529684428272,3603.847395303668,0.8298668392188623,-0.3684873499377477,0.4189726746468686,39084.133867622106,24.769745124869964,113.9427478260414,13117.282385675211,40047.420438532805,988.9972765020988,-2.920796728833676,0.9581984641347122,-0.0979656052253366
2024-04-19 04:16:12,972.0,109.494,34.445,0.557,4887.332598359246,1929.508390400788,3603.847395303668,0.8298668304297081,-0.3684892416682881,0.4189710282672061,39084.14281457266,24.76964123644824,113.94285714976051,13114.361569887424,40048.37852523585,988.8993087966868,-2.9208665294934644,0.9579853345411814,-0.0979708682765918
2024-04-19 04:16:13,973.0,109.494,34.445,0.557,4887.192267626228,1929.8638021545448,3603.847395303668,0.8298668216249724,-0.3684911335059008,0.418969381809223,39084.15176205647,24.76953734317131,113.94296647987072,13111.44068430712,40049.3363988079,988.8013358285124,-2.9209363146131646,0.9577721998363002,-0.0979761308067855
2024-04-19 04:16:14,974.0,109.494,34.445,0.557,4887.051911047304,1930.219203702228,3603.847395303668,0.8298668128046544,-0.3684930254505755,0.418967735272928,39084.16071007349,24.76943344503975,113.9430758163714,13108.519728949836,40050.29405924387,988.7033575980968,-2.9210060841924044,0.957559060021202,-0.0979813928158896
2024-04-19 04:16:15,975.0,109.494,34.445,0.557,4886.911528623226,1930.574595041948,3603.847395303668,0.8298668039687562,-0.368494917502299,0.4189660886583254,39084.16965862369,24.76932954205384,113.9431851592617,13105.598703831029,40051.25150653863,988.6053741059576,-2.921075838230812,0.957345915097017,-0.0979866543038763
2024-04-19 04:16:16,976.0,109.494,34.445,0.557,4886.77112035473,1930.929976171835,3603.847395303668,0.8298667968601054,-0.3684968082435554,0.4189644397600601,39084.17862082518,24.769225495053703,113.94329438216111,13102.67749143961,40052.2087791955,988.5073814101022,-2.92114557953351,0.9571327564890512,-0.0979919154823729
2024-04-19 04:16:17,977.0,109.494,34.445,0.557,4886.630686242559,1931.285347090005,3603.847395303668,0.8298667879930394,-0.3684987005093517,0.41896279298887,39084.1875704416,24.76912158236101,113.94340373782931,13099.756326841904,40053.16580018389,988.40938739588,-2.921215302488501,0.956919601349914,-0.0979971759280188
2024-04-19 04:16:18,978.0,109.494,34.445,0.557,4886.490226287458,1931.640707794574,3603.847395303668,0.8298667791103931,-0.3685005928821635,0.4189611461393955,39084.19652059108,24.76901766481544,113.9435130998852,13096.835092529343,40054.122608015765,988.3113881214996,-2.921285009901537,0.9567064411050956,-0.0980024358524628
2024-04-19 04:16:19,979.0,109.494,34.445,0.557,4886.349740490168,1931.9960582836716,3603.847395303668,0.8298667702121654,-0.3685024853619806,0.4189594992116451,39084.205471273584,24.76891374241757,113.94362246832804,13093.913788517468,40055.07920268602,988.213383587482,-2.9213547017722488,0.9564932757557316,-0.098007695255677
2024-04-19 04:16:20,980.0,109.494,34.445,0.557,4886.209228851434,1932.351398555409,3603.847395303668,0.8298667612983553,-0.3685043779487921,0.4189578522056272,39084.214422489065,24.76880981516795,113.94373184315732,13090.992414821943,40056.03558418952,988.1153737943532,-2.9214243781002565,0.9562801053029656,-0.098012954137633
2024-04-19 04:16:21,981.0,109.494,34.445,0.557,4886.068691371998,1932.7067286079173,3603.847395303668,0.8298667523689635,-0.3685062706425868,0.4189562051213489,39084.22337423745,24.768705883067025,113.9438412243723,13088.070971458235,40056.991752521135,988.0173587426312,-2.9214940388851915,0.9560669297479272,-0.0980182124983028
2024-04-19 04:16:22,982.0,109.494,34.445,0.557,4885.9281280526,1933.062048439312,3603.847395303668,0.8298667434239904,-0.3685081634433531,0.4189545579588173,39084.23232651875,24.76860194611525,113.9439506119723,13085.149458441889,40057.94770767583,987.9193384328372,-2.92156368412668,0.9558537490917506,-0.0980234703376585
2024-04-19 04:16:23,983.0,109.494,34.445,0.557,4885.78753889399,1933.4173580477093,3603.847395303668,0.829866736206258,-0.3685100549335965,0.4189529085126522,39084.24129245125,24.768497865152007,113.94405987957816,13082.227758241936,40058.9034880969,987.8213089214888,-2.921633316625472,0.955640554758287,-0.0980287278671809
2024-04-19 04:16:24,984.0,109.494,34.445,0.557,4885.646923896908,1933.7726574312355,3603.847395303668,0.8298667272301218,-0.3685119479482748,0.4189512611936319,39084.25024579825,24.76839391849984,113.94416927994628,13079.3061059641,40059.85901687383,987.7232780969032,-2.921702930778324,0.955427363903031,-0.098033984663803
2024-04-19 04:16:25,985.0,109.494,34.445,0.557,4885.506283062096,1934.1279465880157,3603.847395303668,0.8298667182384032,-0.3685138410698917,0.4189496137963814,39084.259199678025,24.768289966998324,113.94427868669749,13076.384384080293,40060.814332458496,987.6252420158112,-2.92177252938661,0.955214167950044,-0.0980392409390266
2024-04-19 04:16:26,986.0,109.494,34.445,0.557,4885.365616390297,1934.4832255161652,3603.847395303668,0.8298667092311033,-0.3685157342984355,0.4189479663209076,39084.26815409054,24.768186010647906,113.94438809983096,13073.462592606056,40061.769434845824,987.5272006787342,-2.921842112449957,0.9550009669004612,-0.0980444966928237
2024-04-19 04:16:27,987.0,109.494,34.445,0.557,4885.2249238822615,1934.838494213803,3603.847395303668,0.8298667002082226,-0.3685176276338942,0.4189463187672169,39084.27710903576,24.768082049449003,113.9444975193461,13070.540731556915,40062.724324030685,987.4291540861929,-2.9219116799679945,0.954787760755416,-0.0980497519251663
2024-04-19 04:16:28,988.0,109.494,34.445,0.557,4885.084205538726,1935.193752679057,3603.847395303668,0.8298666911697612,-0.3685195210762565,0.4189446711353165,39084.28606451363,24.767978083402088,113.94460694524209,13067.618800948345,40063.67900000805,987.331102238706,-2.921981231940351,0.954574549516038,-0.0980550066360264
2024-04-19 04:16:29,989.0,109.494,34.445,0.557,4884.943461360441,1935.5490009100408,3603.847395303668,0.8298666821157196,-0.3685214146255112,0.418943023425214,39084.29502052415,24.767874112507634,113.94471637751838,13064.696800795957,40064.63346277277,987.2330451367982,-2.922050768366652,0.9543613331834672,-0.0980602608253758
